Source File	Size	loadResources	load	generateSnapshots	load-configure	scan	loadDepInfo	loadInfo	checkR4R4B	generateNarratives	validate	loadLists	checkConformanceResources	checkConformanceResources2	checkConformanceResources3	generateLogicalMaps	validateExpressions	scanForUsageStats	checkURLsUnique	processProvenanceDetails	translate	generate1	generate2	generateLogicals	makeDependencies	generateExampleZip	generateValidationPack	scanProfilesForR5	scanExamplesForR5
/fsh-generated/resources/ImplementationGuide-ans.fhir.fr.mappingcdafhir.json	9096	-	0	0	0	0	0	0	20	87	0	0	0	0	0	0	0	1	0	0	20	165	311	0	0	0	5	0	1
fsh-generated/resources/ConceptMap-CdaADToAddressConceptMap.json	4436	7	0	0	2	0	0	0	0	19	0	0	0	0	0	0	0	0	0	0	9	47	191	0	0	0	2	0	0
fsh-generated/resources/ConceptMap-CdaBLToBooleanConceptMap.json	948	4	0	0	0	0	0	0	1	7	0	0	0	0	0	0	0	0	0	0	7	17	117	0	0	0	0	0	0
fsh-generated/resources/ConceptMap-CdaCECSCDToCodeConceptMap.json	7082	4	0	0	0	0	0	0	1	13	0	0	0	0	1	0	0	0	0	0	8	64	162	0	0	0	2	0	0
fsh-generated/resources/ConceptMap-CdaENPNToHumanNameConceptMap.json	5442	3	0	0	0	0	0	0	0	8	0	0	0	0	0	0	0	0	0	0	9	50	108	0	0	0	1	0	0
fsh-generated/resources/ConceptMap-CdaIIToIdentifierConceptMap.json	2488	2	0	0	0	0	0	0	1	6	0	0	0	0	0	0	0	0	0	0	7	27	75	0	0	0	1	0	0
fsh-generated/resources/ConceptMap-CdaINTToIntegerConceptMap.json	939	2	0	0	0	0	0	0	0	5	0	0	0	0	0	0	0	0	0	0	6	13	61	0	0	0	1	0	0
fsh-generated/resources/ConceptMap-CdaIVL-TSToPeriodConceptMap.json	2028	1	0	0	0	0	0	0	0	6	0	0	0	0	0	0	0	0	0	0	7	24	65	0	0	0	0	0	0
fsh-generated/resources/ConceptMap-CdaPQToQuantityConceptMap.json	1825	2	0	0	0	0	0	0	1	6	0	0	0	0	1	0	0	0	0	0	8	22	59	0	0	0	1	0	0
fsh-generated/resources/ConceptMap-CdaRTO-PQ-PQToRatioConceptMap.json	1496	1	0	0	0	0	0	0	0	896	0	0	0	0	0	0	0	0	0	0	6	16	72	0	0	0	1	0	0
fsh-generated/resources/ConceptMap-CdaSTEDONToStringConceptMap.json	2078	2	0	0	0	0	0	0	0	6	0	0	0	0	0	0	0	0	0	0	7	23	69	0	0	0	0	0	0
fsh-generated/resources/ConceptMap-CdaTELToContactPointConceptMap.json	2226	2	0	0	0	0	0	0	1	6	0	0	0	0	0	0	0	0	0	0	7	23	57	0	0	0	1	0	0
fsh-generated/resources/ConceptMap-CdaTSToDateTimeConceptMap.json	2153	1	0	0	0	0	0	0	0	6	0	0	0	0	1	0	0	0	0	0	7	24	61	0	0	0	1	0	0
input/fml/CDAFrMDEToBundle.fml	7746	8	0	0	0	0	0	0	5	31	0	0	0	0	0	0	0	1	0	0	8	160	125	0	0	0	6	0	1
input/fml/CDAFrToBundle.fml	11481	13	0	0	0	0	0	0	5	34	0	0	0	0	0	0	0	0	0	0	8	173	122	0	1	0	8	0	0
input/fml/CDAtoFHIRTypes.fml	9762	14	0	0	1	0	0	0	8	46	0	0	0	0	0	0	0	1	0	0	10	204	202	0	0	0	9	0	0
input/fml/CdaToBundle.fml	24655	22	0	0	0	0	0	0	15	85	0	0	0	0	0	0	0	1	0	0	11	366	212	0	0	0	22	0	2
input/resources/Bundle-fe569e1f-32d4-4ba4-b5ad-88082bf5470a.json	19447	9	33	0	0	0	0	0	2	764	0	0	0	0	0	0	0	0	0	0	13	95	175	0	0	0	0	0	0
input/resources/ConceptMap-cm-oid-specialite-ordinale.json	1231	2	0	0	0	0	0	0	0	1986	0	0	0	0	1	0	0	0	0	0	5	14	57	0	0	0	1	0	0
input/resources/ConceptMap-cm-v3-administrative-gender.json	1926	3	0	0	0	0	0	0	0	5	0	0	0	0	0	0	0	0	0	0	6	13	45	0	0	0	1	0	0
input/resources/ConceptMap-oid2uri-ans.json	777	1	0	0	0	0	0	0	1	417	0	0	0	0	0	0	0	0	0	0	6	9	549	0	0	0	0	0	0
/fsh-generated/includes/menu.xml	2121	-	-	-	0	0	0	0	0	0	0	0	0	0	0	0	0	0	0	0	0	0	1	0	0	0	0	0	0
/fsh-generated/includes/fsh-link-references.md	1179	-	-	-	0	0	0	0	0	0	0	0	0	0	0	0	0	0	0	0	0	0	1	0	0	0	0	0	0
/input/data/features.yml	166	-	-	-	0	0	0	0	0	0	0	0	0	0	0	0	0	0	0	0	0	0	0	0	0	0	0	0	0
/input/pagecontent/mapping-cda-fhir.md	45	-	-	-	0	0	0	0	0	0	0	0	0	0	0	0	0	0	0	0	0	0	0	0	0	0	0	0	0
/input/pagecontent/guide-demarrage.md	9138	-	-	-	0	0	0	0	0	0	0	0	0	0	0	0	0	0	0	0	0	0	2	0	0	0	0	0	0
/input/pagecontent/mapping-mechanisms.md	33549	-	-	-	0	0	0	0	0	0	0	0	0	0	0	0	0	0	0	0	0	0	16	0	0	0	0	0	0
/input/pagecontent/outils-mapping.md	19284	-	-	-	0	0	0	0	0	0	0	0	0	0	0	0	0	0	0	0	0	0	3	0	0	0	0	0	0
/input/pagecontent/change-log.md	333	-	-	-	0	0	0	0	0	0	0	0	0	0	0	0	0	0	0	0	0	0	0	0	0	0	0	0	0
/input/pagecontent/translationinfo.md	59	-	-	-	0	0	0	0	0	0	0	0	0	0	0	0	0	0	0	0	0	0	0	0	0	0	0	0	0
/input/pagecontent/index.md	5434	-	-	-	0	0	0	0	0	0	0	0	0	0	0	0	0	0	0	0	0	0	1	0	0	0	0	0	0
/template/config	0	-	-	-	0	0	0	0	0	0	0	0	0	0	0	0	0	0	0	0	0	0	1	0	0	0	0	0	0
/template/config/_config.yml	140	-	-	-	0	0	0	0	0	0	0	0	0	0	0	0	0	0	0	0	0	0	0	0	0	0	0	0	0
/input/images	0	-	-	-	0	0	0	0	0	0	0	0	0	0	0	0	0	0	0	0	0	0	0	0	0	0	0	0	0
/input/images/ci-sis-logo.png	61365	-	-	-	0	0	0	0	0	0	0	0	0	0	0	0	0	0	0	0	0	0	0	0	0	0	0	0	0
/input/images/anImage.png	36288	-	-	-	0	0	0	0	0	0	0	0	0	0	0	0	0	0	0	0	0	0	1	0	0	0	0	0	0
/input/images/termX.png	153775	-	-	-	0	0	0	0	0	0	0	0	0	0	0	0	0	0	0	0	0	0	0	0	0	0	0	0	0
/temp/pages/_includes/artifacts.xml	13726	-	-	-	-	-	-	-	-	-	-	-	-	-	-	-	-	-	-	-	-	-	3	0	0	0	0	0	0
